{
  "loss": 0.007140558212995529,
  "mae": 0.04412253946065903,
  "val_loss": 0.010783426463603973,
  "val_mae": 0.05571037530899048,
  "epoch": 94,
  "global_step": 2660
}