{
  "loss": 0.004700925666838884,
  "mae": 0.03273914381861687,
  "val_loss": 0.00952949095517397,
  "val_mae": 0.043723054230213165,
  "epoch": 89,
  "global_step": 2520
}