{
  "loss": 0.009206363931298256,
  "mae": 0.05132533237338066,
  "val_loss": 0.01700415648519993,
  "val_mae": 0.08491939306259155,
  "epoch": 14,
  "global_step": 420
}