{
  "loss": 0.005393673200160265,
  "mae": 0.03600221872329712,
  "val_loss": 0.008496998809278011,
  "val_mae": 0.04548900946974754,
  "epoch": 86,
  "global_step": 2436
}