{
  "loss": 0.009843706153333187,
  "mae": 0.05671244114637375,
  "val_loss": 0.011556665413081646,
  "val_mae": 0.05789272487163544,
  "learning_rate": 9.999999747378752e-06,
  "epoch": 77,
  "global_step": 2184
}