{
  "loss": 0.007611551787704229,
  "mae": 0.045861780643463135,
  "val_loss": 0.010411023162305355,
  "val_mae": 0.05380071699619293,
  "epoch": 22,
  "global_step": 644
}